<?xml version="1.0" encoding="UTF-8"?>
<configurationDescriptor version="100">
  <logicalFolder name="root" displayName="root" projectFiles="true" kind="ROOT">
    <logicalFolder name="HeaderFiles"
                   displayName="Header Files"
                   projectFiles="true">
      <itemPath>Big.h</itemPath>
      <itemPath>BigFactory.h</itemPath>
      <itemPath>Character.h</itemPath>
      <itemPath>CharacterFactory.h</itemPath>
      <itemPath>Game.h</itemPath>
      <itemPath>Medium.h</itemPath>
      <itemPath>MediumFactory.h</itemPath>
      <itemPath>Small.h</itemPath>
      <itemPath>SmallFactory.h</itemPath>
    </logicalFolder>
    <logicalFolder name="ResourceFiles"
                   displayName="Resource Files"
                   projectFiles="true">
    </logicalFolder>
    <logicalFolder name="SourceFiles"
                   displayName="Source Files"
                   projectFiles="true">
      <itemPath>Big.cpp</itemPath>
      <itemPath>BigFactory.cpp</itemPath>
      <itemPath>Character.cpp</itemPath>
      <itemPath>Game.cpp</itemPath>
      <itemPath>Medium.cpp</itemPath>
      <itemPath>MediumFactory.cpp</itemPath>
      <itemPath>Small.cpp</itemPath>
      <itemPath>SmallFactory.cpp</itemPath>
      <itemPath>main.cpp</itemPath>
    </logicalFolder>
    <logicalFolder name="TestFiles"
                   displayName="Test Files"
                   projectFiles="false"
                   kind="TEST_LOGICAL_FOLDER">
    </logicalFolder>
    <logicalFolder name="ExternalFiles"
                   displayName="Important Files"
                   projectFiles="false"
                   kind="IMPORTANT_FILES_FOLDER">
      <itemPath>Makefile</itemPath>
    </logicalFolder>
  </logicalFolder>
  <projectmakefile>Makefile</projectmakefile>
  <confs>
    <conf name="Debug" type="1">
      <toolsSet>
        <compilerSet>default</compilerSet>
        <dependencyChecking>true</dependencyChecking>
        <rebuildPropChanged>false</rebuildPropChanged>
      </toolsSet>
      <compileType>
        <ccTool>
          <standard>8</standard>
        </ccTool>
        <linkerTool>
          <linkerDynSerch>
            <pElem>.</pElem>
            <pElem>.</pElem>
          </linkerDynSerch>
        </linkerTool>
      </compileType>
      <item path="Big.cpp" ex="false" tool="1" flavor2="0">
      </item>
      <item path="Big.h" ex="false" tool="3" flavor2="0">
      </item>
      <item path="BigFactory.cpp" ex="false" tool="1" flavor2="0">
      </item>
      <item path="BigFactory.h" ex="false" tool="3" flavor2="0">
      </item>
      <item path="Character.cpp" ex="false" tool="1" flavor2="0">
      </item>
      <item path="Character.h" ex="false" tool="3" flavor2="0">
      </item>
      <item path="CharacterFactory.h" ex="false" tool="3" flavor2="0">
      </item>
      <item path="Game.cpp" ex="false" tool="1" flavor2="0">
      </item>
      <item path="Game.h" ex="false" tool="3" flavor2="0">
      </item>
      <item path="Medium.cpp" ex="false" tool="1" flavor2="0">
      </item>
      <item path="Medium.h" ex="false" tool="3" flavor2="0">
      </item>
      <item path="MediumFactory.cpp" ex="false" tool="1" flavor2="0">
      </item>
      <item path="MediumFactory.h" ex="false" tool="3" flavor2="0">
      </item>
      <item path="Small.cpp" ex="false" tool="1" flavor2="0">
      </item>
      <item path="Small.h" ex="false" tool="3" flavor2="0">
      </item>
      <item path="SmallFactory.cpp" ex="false" tool="1" flavor2="0">
      </item>
      <item path="SmallFactory.h" ex="false" tool="3" flavor2="0">
      </item>
      <item path="main.cpp" ex="false" tool="1" flavor2="0">
      </item>
    </conf>
    <conf name="Release" type="1">
      <toolsSet>
        <compilerSet>default</compilerSet>
        <dependencyChecking>true</dependencyChecking>
        <rebuildPropChanged>false</rebuildPropChanged>
      </toolsSet>
      <compileType>
        <cTool>
          <developmentMode>5</developmentMode>
        </cTool>
        <ccTool>
          <developmentMode>5</developmentMode>
        </ccTool>
        <fortranCompilerTool>
          <developmentMode>5</developmentMode>
        </fortranCompilerTool>
        <asmTool>
          <developmentMode>5</developmentMode>
        </asmTool>
        <linkerTool>
          <linkerDynSerch>
            <pElem>.</pElem>
            <pElem>.</pElem>
          </linkerDynSerch>
        </linkerTool>
      </compileType>
      <item path="Big.cpp" ex="false" tool="1" flavor2="0">
      </item>
      <item path="Big.h" ex="false" tool="3" flavor2="0">
      </item>
      <item path="BigFactory.cpp" ex="false" tool="1" flavor2="0">
      </item>
      <item path="BigFactory.h" ex="false" tool="3" flavor2="0">
      </item>
      <item path="Character.cpp" ex="false" tool="1" flavor2="0">
      </item>
      <item path="Character.h" ex="false" tool="3" flavor2="0">
      </item>
      <item path="CharacterFactory.h" ex="false" tool="3" flavor2="0">
      </item>
      <item path="Game.cpp" ex="false" tool="1" flavor2="0">
      </item>
      <item path="Game.h" ex="false" tool="3" flavor2="0">
      </item>
      <item path="Medium.cpp" ex="false" tool="1" flavor2="0">
      </item>
      <item path="Medium.h" ex="false" tool="3" flavor2="0">
      </item>
      <item path="MediumFactory.cpp" ex="false" tool="1" flavor2="0">
      </item>
      <item path="MediumFactory.h" ex="false" tool="3" flavor2="0">
      </item>
      <item path="Small.cpp" ex="false" tool="1" flavor2="0">
      </item>
      <item path="Small.h" ex="false" tool="3" flavor2="0">
      </item>
      <item path="SmallFactory.cpp" ex="false" tool="1" flavor2="0">
      </item>
      <item path="SmallFactory.h" ex="false" tool="3" flavor2="0">
      </item>
      <item path="main.cpp" ex="false" tool="1" flavor2="0">
      </item>
    </conf>
  </confs>
</configurationDescriptor>
