<?xml version="1.0" encoding="UTF-8"?>
<project-private xmlns="http://www.netbeans.org/ns/project-private/1">
    <data xmlns="http://www.netbeans.org/ns/make-project-private/1">
        <activeConfTypeElem>1</activeConfTypeElem>
        <activeConfIndexElem>0</activeConfIndexElem>
    </data>
    <editor-bookmarks xmlns="http://www.netbeans.org/ns/editor-bookmarks/2" lastBookmarkId="0"/>
    <open-files xmlns="http://www.netbeans.org/ns/projectui-open-files/2">
        <group>
            <file>file:/Users/wy/Desktop/CSE%20335/homework12/StackBasedSumVisitor.cpp</file>
            <file>file:/Users/wy/Desktop/CSE%20335/homework12/Node.h</file>
            <file>file:/Users/wy/Desktop/CSE%20335/homework12/TerminalNode.h</file>
            <file>file:/Users/wy/Desktop/CSE%20335/homework12/StackBasedSumVisitor.h</file>
            <file>file:/Users/wy/Desktop/CSE%20335/homework12/NonStackBasedSumVisitor.h</file>
            <file>file:/Users/wy/Desktop/CSE%20335/homework12/NonTerminalNode.h</file>
            <file>file:/Users/wy/Desktop/CSE%20335/homework12/NonStackBasedSumVisitor.cpp</file>
        </group>
    </open-files>
</project-private>
