<?xml version="1.0" encoding="UTF-8"?>
<project-private xmlns="http://www.netbeans.org/ns/project-private/1">
    <data xmlns="http://www.netbeans.org/ns/make-project-private/1">
        <activeConfTypeElem>1</activeConfTypeElem>
        <activeConfIndexElem>0</activeConfIndexElem>
    </data>
    <editor-bookmarks xmlns="http://www.netbeans.org/ns/editor-bookmarks/2" lastBookmarkId="0"/>
    <open-files xmlns="http://www.netbeans.org/ns/projectui-open-files/2">
        <group>
            <file>file:/Users/wy/Desktop/Proj01/SmallFactory.h</file>
            <file>file:/Users/wy/Desktop/Proj01/Character.h</file>
            <file>file:/Users/wy/Desktop/Proj01/Small.h</file>
            <file>file:/Users/wy/Desktop/Proj01/Game.cpp</file>
            <file>file:/Users/wy/Desktop/Proj01/CharacterFactory.h</file>
            <file>file:/Users/wy/Desktop/Proj01/main.cpp</file>
            <file>file:/Users/wy/Desktop/Proj01/Medium.h</file>
            <file>file:/Users/wy/Desktop/Proj01/BigFactory.h</file>
            <file>file:/Users/wy/Desktop/Proj01/Game.h</file>
            <file>file:/Users/wy/Desktop/Proj01/Big.h</file>
            <file>file:/Users/wy/Desktop/Proj01/MediumFactory.h</file>
        </group>
    </open-files>
</project-private>
